# title	program	next-cue bars	end bar
Corduroy	0	1 17 33 49 65 81 145	161
Where is my Mind	1	1 9 25 41 57 73	80
Good	2	1 9 25 41 57 73	87
Mr Brightside	3	1 17 33 41 57 73 81 97	138
Lifestyles of the Rich & Famous	4	1 17 49 81 113 145 161	173
Authority Song	5	1 17 33 49 65 81 113	150
A Praise Chorus	6	1 17 49 81 113 129	150
Check Yes Juliet	7	1 17 33 65 81 113 129	154
Scars	8	1 9 25 33 49 57	80
Beverly Hills	9	1 9 25 41 57 65	75
Summer Of 69	10	1 9 25 41 57 73 89	124
Paralyzer	11	1 9 25 41 57 73	93
Baba O'Rielly	12	1 17 33 49 65 81	115
All The Small Things	13	1 9 25 41 57 73	104
Absolutely Story Of A Girl	14	1 9 25 41 57 65	78
Running Down a Dream	15	1 17 49 81 113 145	213
1985	16	1 9 25 41 57 73 89	128
Pink Houses	17	1 9 25 41 57 73	139
Stacy's Mom	18	1 9 25 41 57 65 73	97
Holiday	19	1 17 33 49 65 81 113	145
Hash Pipe	20	1 9 25 41 57 73	100
Leave A Light On	21	1 9 25 41 57 65	85
Vasoline	22	1 17 33 49 65 81	140
Cups	23	1 9 25 41 57	77
Low	24	1 9 25 41 57 73	102
Gel	25	1 9 25 41 57 73	110
Boys of Summer	26	1 17 49 81 113 145 177	210
Two Princes	27	1 9 17 25 33 41	54
Semi Charmed Life	28	1 9 25 41 57 73 89	131
Buddy Holly	29	1 9 25 41 57 65	80
Nothing but a Good Time	30	1 17 33 49 65 81 97 113	153
Numb	31	1 9 25 41 57 65 73	86
In The Air Tonight	32	1 17 33 49 65 81	112
It's My Life	33	1 17 33 49 65 81	112
Man In The Box	34	1 9 25 41 57 73	133
Rockin in the Free World	35	1 17 33 49 65 81 113	157
